priority,name,lifeDates,artworkCount,slug,status,note
"1","José Cuneo","1887-1977","422","jose-cuneo","necesita imagen",""
"2","Manuel Espínola Gómez","1921-2003","309","manuel-espinola-gomez","necesita imagen",""
"3","Margarita Mortarotti","1926-1985","212","margarita-mortarotti","necesita imagen",""
"4","Nerses Ounanian","1924-1957","156","nerses-ounanian","necesita imagen",""
"5","Carlos Prevosti","1896-1955","127","carlos-prevosti","necesita imagen",""
"6","Raúl Javiel Cabrera","1919-1992","117","raul-javiel-cabrera","necesita imagen",""
"7","Federico Lanau","1891-1929","72","federico-lanau","necesita imagen",""
"8","Antonio Frasconi","1919-2013","63","antonio-frasconi","necesita imagen",""
"9","Manuel Larravide","1871-1910","61","manuel-larravide","necesita imagen",""
"10","Manuel Rosé","1882-1961","58","manuel-rose","necesita imagen",""
"11","Hugo O'Neill Hamilton","1921-2000","57","hugo-o-neill-hamilton","necesita imagen",""
"12","José María Pagani","1902-1960","40","jose-maria-pagani","necesita imagen",""
"13","Eduardo De Martino","1838-1912","37","eduardo-de-martino","necesita imagen",""
"14","Alberto Castellanos","1869-1908","34","alberto-castellanos","necesita imagen",""
"15","José Gamarra","1934-","34","jose-gamarra","necesita imagen",""
"16","Germán Cabrera","1903-1990","32","german-cabrera","necesita imagen",""
"17","E. Díaz Aranda","","31","e-diaz-aranda","necesita imagen",""
"18","Carlos María Herrera","1875-1914","29","carlos-maria-herrera","necesita imagen",""
"19","Edmundo Prati","1889-1970","28","edmundo-prati","necesita imagen",""
"20","Ernesto Laroche","1879-1940","27","ernesto-laroche","necesita imagen",""
"21","Juan Martín","1913-1999","27","juan-martin","necesita imagen",""
"22","Manuel Collazo Castro","1892-1953","27","manuel-collazo-castro","necesita imagen",""
"23","José Luis Zorrilla de San Martín","1891-1975","26","jose-luis-zorrilla-de-san-martin","necesita imagen",""
"24","Carlos Alberto Castellanos","1881-1945","25","carlos-alberto-castellanos","necesita imagen",""
"25","Anhelo Hernández","1922-2010","24","anhelo-hernandez","necesita imagen",""
"26","Luis A. Solari","1918-1993","24","luis-a-solari","necesita imagen",""
"27","Luis Mazzey","1895-1983","24","luis-mazzey","necesita imagen",""
"28","Leonilda González","1923-2017","23","leonilda-gonzalez","necesita imagen",""
"29","Domingo Laporte","1855-1928","22","domingo-laporte","necesita imagen",""
"30","Juan Manuel Ferrari","1874-1916","22","juan-manuel-ferrari","necesita imagen",""
"31","Julio Verdié","1900-1988","22","julio-verdie","necesita imagen",""
"32","Alfredo Testoni","1919-2003","21","alfredo-testoni","necesita imagen",""
"33","José Pedro Costigliolo","1902-1985","21","jose-pedro-costigliolo","necesita imagen",""
"34","Carmelo de Arzadun","1888-1968","20","carmelo-de-arzadun","necesita imagen",""
"35","Pedro Blanes Viale","1878-1926","20","pedro-blanes-viale","necesita imagen",""
"36","Vicente Martín","1911-1998","19","vicente-martin","necesita imagen",""
"37","Jorge Páez Vilaró","1922-1994","18","jorge-paez-vilaro","necesita imagen",""
"38","Antonio Pena","1894-1947","17","antonio-pena","necesita imagen",""
"39","Oscar García Reino","1910-1993","17","oscar-garcia-reino","necesita imagen",""
"40","Ricardo L. Aguerre","1897-1967","17","ricardo-l-aguerre","necesita imagen",""
"41","Eduardo Vernazza","1910-1991","16","eduardo-vernazza","necesita imagen",""
"42","Guillermo Ciro Rodriguez","1889-1959","16","guillermo-ciro-rodriguez","necesita imagen",""
"43","María Freire","1917-2015","16","maria-freire","necesita imagen",""
"44","Nicanor Blanes","1857-1895","16","nicanor-blanes","necesita imagen",""
"45","Nicolás Urta","1897-1959","16","nicolas-urta","necesita imagen",""
"46","Washington Barcala","1920-1993","16","washington-barcala","necesita imagen",""
"47","Carlos Casiano González","1905-1993","15","carlos-casiano-gonzalez","necesita imagen",""
"48","Herman Braun Vega","1933-2019","15","herman-braun-vega","necesita imagen",""
"49","María Carmen Portela","1898-1983","15","maria-carmen-portela","necesita imagen",""
"50","Pablo Mañé","1880-1971","15","pablo-mane","necesita imagen",""
"51","Leandro Castellanos Balparda","1894-1957","14","leandro-castellanos-balparda","necesita imagen",""
"52","Ana Mercedes Hoyos","1942-2014","13","ana-mercedes-hoyos","necesita imagen",""
"53","Carlos de Santiago","1875-1951","13","carlos-de-santiago","necesita imagen",""
"54","Hilda López","1922-1996","13","hilda-lopez","necesita imagen",""
"55","Jorge Damiani","1931-2017","13","jorge-damiani","necesita imagen",""
"56","Juan Luis Blanes","1856-1895","13","juan-luis-blanes","necesita imagen",""
"57","Nelson Ramos","1932-2006","13","nelson-ramos","necesita imagen",""
"58","Alfredo De Simone","1892-1950","12","alfredo-de-simone","necesita imagen",""
"59","Amalia Nieto","1907-2003","12","amalia-nieto","necesita imagen",""
"60","Arnaldo Pedroso D Horta","1914-1973","12","arnaldo-pedroso-d-horta","necesita imagen",""
"61","Héctor Sgarbi","1905-1982","12","hector-sgarbi","necesita imagen",""
"62","Lucebert","1924-1994","12","lucebert","necesita imagen",""
"63","Rimer Cardillo","1944-","12","rimer-cardillo","necesita imagen",""
"64","Severino Pose","1894-1964","12","severino-pose","necesita imagen",""
"65","Adolfo Pastor","1898-1982","11","adolfo-pastor","necesita imagen",""
"66","Alberto Savio","1901-1971","11","alberto-savio","necesita imagen",""
"67","Carlos Castells","1881-1933","11","carlos-castells","necesita imagen",""
"68","Claudio Silveira Silva","1935-2007","11","claudio-silveira-silva","necesita imagen",""
"69","Hans Platscheck","1923-2000","11","hans-platscheck","necesita imagen",""
"70","Homero Bais","1918-","11","homero-bais","necesita imagen",""
"71","Humberto Causa","1890-1925","11","humberto-causa","necesita imagen",""
"72","Antonio Llorens","1920-1995","10","antonio-llorens","necesita imagen",""
"73","Bernabé Michelena","1888-1963","10","bernabe-michelena","necesita imagen",""
"74","Carlos Capelán","1948-","10","carlos-capelan","necesita imagen",""
"75","César Pesce Castro","1890-1977","10","cesar-pesce-castro","necesita imagen",""
"76","Domingo De Santiago","1903-1975","10","domingo-de-santiago","necesita imagen",""
"77","Eva Olivetti","1924-2013","10","eva-olivetti","necesita imagen",""
"78","Francisco A. Siniscalchi","1914-2001","10","francisco-a-siniscalchi","necesita imagen",""
"79","Melchor Méndez Magariños","1885-1945","10","melchor-mendez-magarinos","necesita imagen",""
"80","Norberto Berdía","1899-1983","10","norberto-berdia","necesita imagen",""
"81","Ruisdael Suárez","1929-2004","10","ruisdael-suarez","necesita imagen",""
"82","Teresa Vila","1931-2009","10","teresa-vila","necesita imagen",""
"83","Zoma Baitler","1908-1994","10","zoma-baitler","necesita imagen",""
"84","Edgardo Ribeiro","1921-2006","9","edgardo-ribeiro","necesita imagen",""
"85","Eduardo Amézaga","1911-1977","9","eduardo-amezaga","necesita imagen",""
"86","Federico Moller De Berg","1900-1991","9","federico-moller-de-berg","necesita imagen",""
"87","Heber Ramos Paz","1924-","9","heber-ramos-paz","necesita imagen",""
"88","José Felipe Parra","1826-1890","9","jose-felipe-parra","necesita imagen",""
"89","Juan Ventayol","1915-1971","9","juan-ventayol","necesita imagen",""
"90","Lincoln Presno","1917-1991","9","lincoln-presno","necesita imagen",""
"91","Manuel Pailós","1918-2004","9","manuel-pailos","necesita imagen",""
"92","Máximo Sturla","1883-1909","9","maximo-sturla","necesita imagen",""
"93","Milo Beretta","1875-1935","9","milo-beretta","necesita imagen",""
"94","Niewenhuis Constant","1920-2005","9","niewenhuis-constant","necesita imagen",""
"95","Pablo Serrano","1910-1985","9","pablo-serrano","necesita imagen",""
"96","Raúl Cattelani","1927-2015","9","raul-cattelani","necesita imagen",""
"97","Raúl Pavlotzky","1918-1998","9","raul-pavlotzky","necesita imagen",""
"98","Sara Traversa","1912-1999","9","sara-traversa","necesita imagen",""
"99","Agustín Alamán","1921-1995","8","agustin-alaman","necesita imagen",""
"100","Alberto Dura","1888-1971","8","alberto-dura","necesita imagen",""
"101","Alejandro Turell Lorenzo","1975-","8","alejandro-turell-lorenzo","necesita imagen",""
"102","Américo Spósito","1924-2005","8","americo-sposito","necesita imagen",""
"103","Enrique Medina Ramela","1935-","8","enrique-medina-ramela","necesita imagen",""
"104","Francisco Matto","1911-1995","8","francisco-matto","necesita imagen",""
"105","Gilberto Bellini","1908-1935","8","gilberto-bellini","necesita imagen",""
"106","Heber Rolandi Scelza","1936-","8","heber-rolandi-scelza","necesita imagen",""
"107","Juan José Calandria","1902-1980","8","juan-jose-calandria","necesita imagen",""
"108","Rubens Fernández Tudurí","1920-1993","8","rubens-fernandez-tuduri","necesita imagen",""
"109","Wifredo Díaz Valdéz","1932-2025","8","wifredo-diaz-valdez","necesita imagen",""
"110","Alceu Ribeiro","1919-2013","7","alceu-ribeiro","necesita imagen",""
"111","Carlos Lombardo","1924-1972","7","carlos-lombardo","necesita imagen",""
"112","Carlos R. Rúfalo","1880-1975","7","carlos-r-rufalo","necesita imagen",""
"113","Emilio Vedova","","7","emilio-vedova","necesita imagen",""
"114","Francisco E. Bauzer","1887-1945","7","francisco-e-bauzer","necesita imagen",""
"115","Humberto Tabaré Tomeo","1933-1996","7","humberto-tabare-tomeo","necesita imagen",""
"116","José Belloni","1882-1965","7","jose-belloni","necesita imagen",""
"117","José Lanzaro","1920-2004","7","jose-lanzaro","necesita imagen",""
"118","Luis A. Fayol","1904-1965","7","luis-a-fayol","necesita imagen",""
"119","Manuel Correa","1864-1910","7","manuel-correa","necesita imagen",""
"120","María Rosa De Ferrari","1899-1982","7","maria-rosa-de-ferrari","necesita imagen",""
"121","Mariano Barbasán Lagueruela","1864-1924","7","mariano-barbasan-lagueruela","necesita imagen",""
"122","Rafael Borella","1874-1953","7","rafael-borella","necesita imagen",""
"123","Salustiano Pintos","1905-1975","7","salustiano-pintos","necesita imagen",""
"124","Víctor L. Rebufo","1903-1983","7","victor-l-rebufo","necesita imagen",""
"125","Adolfo Halty","1915-1974","6","adolfo-halty","necesita imagen",""
"126","Alfredo Eugenio Berta","1895-1974","6","alfredo-eugenio-berta","necesita imagen",""
"127","André Beaudin","1895-1979","6","andre-beaudin","necesita imagen",""
"128","Andrés Feldmann","1921-1978","6","andres-feldmann","necesita imagen",""
"129","Antonio Andivero","1934-2017","6","antonio-andivero","necesita imagen",""
"130","Armando Germinal González","1912-1981","6","armando-germinal-gonzalez","necesita imagen",""
"131","Carmelo Rivello","1901-1944","6","carmelo-rivello","necesita imagen",""
"132","Eduardo A. Larrarte","1914-2005","6","eduardo-a-larrarte","necesita imagen",""
"133","Gilles de La Tourette","","6","gilles-de-la-tourette","necesita imagen",""
"134","Gonzalo Fonseca","1922-1997","6","gonzalo-fonseca","necesita imagen",""
"135","Humberto Frangella","1904-1965","6","humberto-frangella","necesita imagen",""
"136","Juan Fernando Vieytes Pérez","1916-1962","6","juan-fernando-vieytes-perez","necesita imagen",""
"137","Leandro Silva Delgado","1930-2000","6","leandro-silva-delgado","necesita imagen",""
"138","Luis Camnitzer","1937-","6","luis-camnitzer","necesita imagen",""
"139","Mauricio Flores Kaperotxipi","1901-1997","6","mauricio-flores-kaperotxipi","necesita imagen",""
"140","Miguel Ocampo","1922-2015","6","miguel-ocampo","necesita imagen",""
"141","Nicolás-François Octave Tassaert","1800-1874","6","nicolas-francois-octave-tassaert","necesita imagen",""
"142","Pablo Picasso","1881-1973","6","pablo-picasso","necesita imagen",""
"143","Raúl Zaffaroni","1917-2011","6","raul-zaffaroni","necesita imagen",""
"144","Rómulo Chiessa","1899-1965","6","romulo-chiessa","necesita imagen",""
"145","Sebastián Moncalvi","1902-1974","6","sebastian-moncalvi","necesita imagen",""
"146","Suzanne Roger","1898-1986","6","suzanne-roger","necesita imagen",""
"147","Adela Caballero","1930-","5","adela-caballero","necesita imagen",""
"148","Alberto Marino Gahn","1900-1978","5","alberto-marino-gahn","necesita imagen",""
"149","Antonio Saura","1930-1998","5","antonio-saura","necesita imagen",""
"150","Carlos Grethe","1864-1913","5","carlos-grethe","necesita imagen",""
"151","Carlos María Tonelli","1937-2011","5","carlos-maria-tonelli","necesita imagen",""
"152","Daniel Sabater","1888-1951","5","daniel-sabater","necesita imagen",""
"153","Dolcey Schenone Puig","1896-1952","5","dolcey-schenone-puig","necesita imagen",""
"154","Elizabeth Thompson","1930-2010","5","elizabeth-thompson","necesita imagen",""
"155","Enrique Donati","1865-1947","5","enrique-donati","necesita imagen",""
"156","Giancarlo Puppo","1938-","5","giancarlo-puppo","necesita imagen",""
"157","Horacio Torres","1924-1976","5","horacio-torres","necesita imagen",""
"158","Javier Nieva","1915-1999","5","javier-nieva","necesita imagen",""
"159","José Echave","1921-1985","5","jose-echave","necesita imagen",""
"160","Juan Boris Gurewitsch","1909-1996","5","juan-boris-gurewitsch","necesita imagen",""
"161","Juan Sciutto","1898-1973","5","juan-sciutto","necesita imagen",""
"162","Liliana Porter","1941-","5","liliana-porter","necesita imagen",""
"163","Mariano Felez","1883-1940","5","mariano-felez","necesita imagen",""
"164","Miguel Ángel Battegazzore","1931-2024","5","miguel-angel-battegazzore","necesita imagen",""
"165","Noelia Fierro","1934-","5","noelia-fierro","necesita imagen",""
"166","Orestes Acquarone","1875-1952","5","orestes-acquarone","necesita imagen",""
"167","Paul Gauguin","1848-1903","5","paul-gauguin","necesita imagen",""
"168","Paul Wunderlich","1927-","5","paul-wunderlich","necesita imagen",""
"169","Renée Olivier","","5","renee-olivier","necesita imagen",""
"170","Roberto Castellanos","1871-1942","5","roberto-castellanos","necesita imagen",""
"171","Vicente Puig","1882-1965","5","vicente-puig","necesita imagen",""
"172","Víctor Lema Riqué","1955-","5","victor-lema-rique","necesita imagen",""
"173","Alejandro M. Romei Dima","1908-","4","alejandro-m-romei-dima","necesita imagen",""
"174","Alicia Mihai Gazcue","1949-","4","alicia-mihai-gazcue","necesita imagen",""
"175","Amalia Polleri","1909-1996","4","amalia-polleri","necesita imagen",""
"176","Andrés Montani","1918-2002","4","andres-montani","necesita imagen",""
"177","Angel Ricardo Scagliola","1918-","4","angel-ricardo-scagliola","necesita imagen",""
"178","Asger Jorn","1914-1973","4","asger-jorn","necesita imagen",""
"179","Augusto Torres","1913-1992","4","augusto-torres","necesita imagen",""
"180","Barthelemy Lauvergne","1805-1871","4","barthelemy-lauvergne","necesita imagen",""
"181","Bronislao José Tokarz","1907-1984","4","bronislao-jose-tokarz","necesita imagen",""
"182","Carlos Ramón Masini","1873-1939","4","carlos-ramon-masini","necesita imagen",""
"183","Dante Contestábile","1904-1939","4","dante-contestabile","necesita imagen",""
"184","David Alfaro Siqueiros","1896-1974","4","david-alfaro-siqueiros","necesita imagen",""
"185","Donato Di Lorenzo","1852-1937","4","donato-di-lorenzo","necesita imagen",""
"186","Eduardo Díaz Yepes","1909-1979","4","eduardo-diaz-yepes","necesita imagen",""
"187","Emilio Mas","1860-1928","4","emilio-mas","necesita imagen",""
"188","Francisco L. Musetti","1881-1976","4","francisco-l-musetti","necesita imagen",""
"189","Gaetano Parpagnoli","1869-1924","4","gaetano-parpagnoli","necesita imagen",""
"190","Gervasio Furest","1893-1968","4","gervasio-furest","necesita imagen",""
"191","Gladys Afamado","1925-2024","4","gladys-afamado","necesita imagen",""
"192","Glauco Capozzoli","1929-2003","4","glauco-capozzoli","necesita imagen",""
"193","Guiscardo Améndola","1906-1972","4","guiscardo-amendola","necesita imagen",""
"194","Gustavo Alamón Da Rosa","1935-2020","4","gustavo-alamon-da-rosa","necesita imagen",""
"195","Hector Escardó","1866-1896","4","hector-escardo","necesita imagen",""
"196","Henri Matisse","1869-1954","4","henri-matisse","necesita imagen",""
"197","Hugo Longa","1934-1990","4","hugo-longa","necesita imagen",""
"198","Hugo Nantes","1933-2009","4","hugo-nantes","necesita imagen",""
"199","José Enrique Bravo","1901-1944","4","jose-enrique-bravo","necesita imagen",""
"200","Josep Hurtuna","1913-1978","4","josep-hurtuna","necesita imagen",""
"201","Juan Antonio Torrents","1915-","4","juan-antonio-torrents","necesita imagen",""
"202","Julio Alpuy","1919-2009","4","julio-alpuy","necesita imagen",""
"203","Julio Le Parc","1928-","4","julio-le-parc","necesita imagen",""
"204","Leopoldo Nóvoa","1919-2012","4","leopoldo-novoa","necesita imagen",""
"205","Lily Salvo","1928-2010","4","lily-salvo","necesita imagen",""
"206","Luis Alberto Gentieu Piotti","1909-","4","luis-alberto-gentieu-piotti","necesita imagen",""
"207","Luis Ernesto Aroztegui","1930-1994","4","luis-ernesto-aroztegui","necesita imagen",""
"208","Luis Maristany","1885-1964","4","luis-maristany","necesita imagen",""
"209","Luis Queirolo Repetto","1862-1947","4","luis-queirolo-repetto","necesita imagen",""
"210","Margarita Fabini de Camou","","4","margarita-fabini-de-camou","necesita imagen",""
"211","Mario César Pérez Cassia","1909-","4","mario-cesar-perez-cassia","necesita imagen",""
"212","Mario Lorieto","1919-2003","4","mario-lorieto","necesita imagen",""
"213","Máximo Alberto Lamela","1918-","4","maximo-alberto-lamela","necesita imagen",""
"214","Miguel Benzo","1879-1966","4","miguel-benzo","necesita imagen",""
"215","Nelsa Solano Gorga","1921-1984","4","nelsa-solano-gorga","necesita imagen",""
"216","Ofelia Oneto y Viana","1929-2019","4","ofelia-oneto-y-viana","necesita imagen",""
"217","Paul Berne","1924-","4","paul-berne","necesita imagen",""
"218","Plinio Baptista Brum","1892-","4","plinio-baptista-brum","necesita imagen",""
"219","Rafael Canogar","1935-","4","rafael-canogar","necesita imagen",""
"220","Salvador Puig","1875-1944","4","salvador-puig","necesita imagen",""
"221","Silvia Villagrán","1950-","4","silvia-villagran","necesita imagen",""
"222","Valentín De Zubiaurre","1887-1967","4","valentin-de-zubiaurre","necesita imagen",""
"223","Alfred Hrdlicka","1928-2009","3","alfred-hrdlicka","necesita imagen",""
"224","Alfredo Boilot","1880-1900","3","alfredo-boilot","necesita imagen",""
"225","Alvaro Amengual","1957-","3","alvaro-amengual","necesita imagen",""
"226","Ambrosio Luis Ramasso","1873-","3","ambrosio-luis-ramasso","necesita imagen",""
"227","Ana Salcovsky","1947-","3","ana-salcovsky","necesita imagen",""
"228","Ángel L. Panosetti","1911-2008","3","angel-l-panosetti","necesita imagen",""
"229","Ángel Medina Medina","1914-1980","3","angel-medina-medina","necesita imagen",""
"230","Antoni Clavé","1913-2005","3","antoni-clave","necesita imagen",""
"231","Antoni Tàpies","1923-2012","3","antoni-tapies","necesita imagen",""
"232","Antonio de Ignacios","1893-1963","3","antonio-de-ignacios","necesita imagen",""
"233","Antonio Pezzino","1921-2004","3","antonio-pezzino","necesita imagen",""
"234","Atilio Buriano","1943-","3","atilio-buriano","necesita imagen",""
"235","Augusto Gadea","1989-","3","augusto-gadea","necesita imagen",""
"236","Aurora Togores","-1988","3","aurora-togores","necesita imagen",""
"237","Baltasar Verazzi","1819-1886","3","baltasar-verazzi","necesita imagen",""
"238","Carlos Fossatti","1928-1981","3","carlos-fossatti","necesita imagen",""
"239","Carlos Prunell","1943-","3","carlos-prunell","necesita imagen",""
"240","Carlos Seijo","1862-1956","3","carlos-seijo","necesita imagen",""
"241","Carmen Garayalde","1913-2002","3","carmen-garayalde","necesita imagen",""
"242","Clarel Neme","1926-2004","3","clarel-neme","necesita imagen",""
"243","Clemen Salazar Echevarria","1899-","3","clemen-salazar-echevarria","necesita imagen",""
"244","Clever Lara","1952-","3","clever-lara","necesita imagen",""
"245","Clorindo Testa","1923-2013","3","clorindo-testa","necesita imagen",""
"246","Dante Capece","1913-1979","3","dante-capece","necesita imagen",""
"247","Denry Torres","1923-1984","3","denry-torres","necesita imagen",""
"248","Eduardo Chillida Juantegui","1924-2002","3","eduardo-chillida-juantegui","necesita imagen",""
"249","Eduardo Gandós","1921-1986","3","eduardo-gandos","necesita imagen",""
"250","Elsa Andrada","1920-2010","3","elsa-andrada","necesita imagen",""
"251","Enrique Sene","1889-","3","enrique-sene","necesita imagen",""
"252","Enrique Volpe Jordan","1912-","3","enrique-volpe-jordan","necesita imagen",""
"253","Ernesto Cristiani","1928-1989","3","ernesto-cristiani","necesita imagen",""
"254","Esteban Roberto Garino","1919-","3","esteban-roberto-garino","necesita imagen",""
"255","Federico Renóm","1862-1897","3","federico-renom","necesita imagen",""
"256","Felipe Seade","1912-1969","3","felipe-seade","necesita imagen",""
"257","Fernand Léger","1881-1955","3","fernand-leger","necesita imagen",""
"258","Fernando Álvarez Cozzi","1953-","3","fernando-alvarez-cozzi","necesita imagen",""
"259","G. Alessandro Lupo","1876-1953","3","g-alessandro-lupo","necesita imagen",""
"260","Georg Eisler","1928-1998","3","georg-eisler","necesita imagen",""
"261","Gerardo Ruiz Barreiro","1963-","3","gerardo-ruiz-barreiro","necesita imagen",""
"262","Glauco Telis","1926-","3","glauco-telis","necesita imagen",""
"263","Hermenegildo Sábat (Menchi)","1933-2018","3","hermenegildo-sabat-menchi","necesita imagen",""
"264","Honoré Daumier","1808-1879","3","honore-daumier","necesita imagen",""
"265","Horacio Espondaburu","1855-1902","3","horacio-espondaburu","necesita imagen",""
"266","Hugo Sartore","1934-2014","3","hugo-sartore","necesita imagen",""
"267","Jaime Jorge Aldao","1926-","3","jaime-jorge-aldao","necesita imagen",""
"268","Jaime Nowinski","1934-2022","3","jaime-nowinski","necesita imagen",""
"269","Javier Bassi","1964-","3","javier-bassi","necesita imagen",""
"270","José Cziffery","1902-1962","3","jose-cziffery","necesita imagen",""
"271","José Erman","1936-","3","jose-erman","necesita imagen",""
"272","José Guerrero","1914-1991","3","jose-guerrero","necesita imagen",""
"273","Juan D'Aniello","1891-1972","3","juan-d-aniello","necesita imagen",""
"274","Juan Storm","1927-1995","3","juan-storm","necesita imagen",""
"275","Julio Romero De Torres","1880-1930","3","julio-romero-de-torres","necesita imagen",""
"276","K.R.H. Sonderborg","1923-2008","3","k-r-h-sonderborg","necesita imagen",""
"277","Konrad Klapheck","1935-","3","konrad-klapheck","necesita imagen",""
"278","León Legat","1829-","3","leon-legat","necesita imagen",""
"279","Lino Dinetto","1927-","3","lino-dinetto","necesita imagen",""
"280","Luis Alberto Barriola","1909-","3","luis-alberto-barriola","necesita imagen",""
"281","Luis Arbondo","1939-2006","3","luis-arbondo","necesita imagen",""
"282","Luis Garrido Álvarez","1925-","3","luis-garrido-alvarez","necesita imagen",""
"283","Luis Graner","1863-1929","3","luis-graner","necesita imagen",""
"284","Luis Pedro Cantú","1883-1943","3","luis-pedro-cantu","necesita imagen",""
"285","Luis S. Scolpini","1896-1989","3","luis-s-scolpini","necesita imagen",""
"286","M. Ferrari","","3","m-ferrari","necesita imagen",""
"287","Marc Chagall","1887-1985","3","marc-chagall","necesita imagen",""
"288","María Clara Rossi","1944-","3","maria-clara-rossi","necesita imagen",""
"289","Miguel Ángel Echauri","1927-","3","miguel-angel-echauri","necesita imagen",""
"290","Miguel Ángel Pareja","1908-1984","3","miguel-angel-pareja","necesita imagen",""
"291","Miguel José De Vita","1923-2004","3","miguel-jose-de-vita","necesita imagen",""
"292","Miguel Tufano","1912-","3","miguel-tufano","necesita imagen",""
"293","Orosmán Américo Alonso","1927-1968","3","orosman-americo-alonso","necesita imagen",""
"294","Oscar Jorge Caraballo","1941-2014","3","oscar-jorge-caraballo","necesita imagen",""
"295","Pablo Damiani","1961-","3","pablo-damiani","necesita imagen",""
"296","Pablo Uribe","1962-","3","pablo-uribe","necesita imagen",""
"297","Pascasio Odiozábal","1870-","3","pascasio-odiozabal","necesita imagen",""
"298","Pedro Alonso","1921-","3","pedro-alonso","necesita imagen",""
"299","Pedro Peralta","1961-","3","pedro-peralta","necesita imagen",""
"300","Pierre Bonnard","1867-1947","3","pierre-bonnard","necesita imagen",""
"301","Ricardo Pascale","1942-2024","3","ricardo-pascale","necesita imagen",""
"302","Robert Motherwell","1915-1991","3","robert-motherwell","necesita imagen",""
"303","Roberto González del Blanco","1887-1959","3","roberto-gonzalez-del-blanco","necesita imagen",""
"304","Roberto Matta","1911-2002","3","roberto-matta","necesita imagen",""
"305","Ruben D. Galloza","1926-2002","3","ruben-d-galloza","necesita imagen",""
"306","Rufino Tamayo","1899-1991","3","rufino-tamayo","necesita imagen",""
"307","Santiago Rusiñol","1861-1931","3","santiago-rusinol","necesita imagen",""
"308","Santiago Tavella","1961-","3","santiago-tavella","necesita imagen",""
"309","Serapio Pérez de León","1926-","3","serapio-perez-de-leon","necesita imagen",""
"310","Stefano Ussi","1822-1901","3","stefano-ussi","necesita imagen",""
"311","Vicente Speranza","1890-1967","3","vicente-speranza","necesita imagen",""
"312","Walter Nadal","1935-","3","walter-nadal","necesita imagen",""
"313","Wasyl Rudyk","1901-","3","wasyl-rudyk","necesita imagen",""
"314","Yamandú Aldama","1931-1996","3","yamandu-aldama","necesita imagen",""
"315","Adolphe d´Hastrel de Rivedoux","1805-1874","2","adolphe-d-hastrel-de-rivedoux","necesita imagen",""
"316","Águeda Dicancro","1930-2019","2","agueda-dicancro","necesita imagen",""
"317","Alejandro Santiago","1964-2013","2","alejandro-santiago","necesita imagen",""
"318","Alfredo Esteban Bustamante Guerrero","1896-1962","2","alfredo-esteban-bustamante-guerrero","necesita imagen",""
"319","Alfredo Halegua","1930-","2","alfredo-halegua","necesita imagen",""
"320","Alfredo Harris Helsby Hazell","1862-1933","2","alfredo-harris-helsby-hazell","necesita imagen",""
"321","Alfredo Tedeschi Sartori","1900-1968","2","alfredo-tedeschi-sartori","necesita imagen",""
"322","Alvar Colombo","1942-","2","alvar-colombo","necesita imagen",""
"323","Amalia Corchs Quintela","1912-","2","amalia-corchs-quintela","necesita imagen",""
"324","Amanda Rímolo","","2","amanda-rimolo","necesita imagen",""
"325","Ambrosio Luis Garneray","1783-1857","2","ambrosio-luis-garneray","necesita imagen",""
"326","Andrés Etchebarne Bidart","1889-1931","2","andres-etchebarne-bidart","necesita imagen",""
"327","Angélica Togores","1907-1985","2","angelica-togores","necesita imagen",""
"328","Antonio Rafael Lista","1910-2000","2","antonio-rafael-lista","necesita imagen",""
"329","Antonio Seguí","1934-2022","2","antonio-segui","necesita imagen",""
"330","Antonio Slepak","1939-2016","2","antonio-slepak","necesita imagen",""
"331","Aristides Maillol","1861-1944","2","aristides-maillol","necesita imagen",""
"332","Artistas varios","","2","artistas-varios","necesita imagen",""
"333","Baldomero Galofre","1846-1902","2","baldomero-galofre","necesita imagen",""
"334","Bengt Hellgren","1928-","2","bengt-hellgren","necesita imagen",""
"335","Berta Burghi","1930-2021","2","berta-burghi","necesita imagen",""
"336","Berthe Morisot","1841-1895","2","berthe-morisot","necesita imagen",""
"337","Brenda Lissardy","1907-1992","2","brenda-lissardy","necesita imagen",""
"338","Bruno Widmann","1930-2017","2","bruno-widmann","necesita imagen",""
"339","Carlos Arboleda","1929-2021","2","carlos-arboleda","necesita imagen",""
"340","Carlos Corsetti","1823-1903","2","carlos-corsetti","necesita imagen",""
"341","Carlos María Herrera (hijo)","1904-1968","2","carlos-maria-herrera-hijo","necesita imagen",""
"342","Carlos Páez Vilaró","1923-2014","2","carlos-paez-vilaro","necesita imagen",""
"343","Carlos Seveso","1954-","2","carlos-seveso","necesita imagen",""
"344","Carlos Washington Aliseris Genta","1898-1974","2","carlos-washington-aliseris-genta","necesita imagen",""
"345","Carmelo Arden Quin","1913-2010","2","carmelo-arden-quin","necesita imagen",""
"346","Cayetano Gallino","1804-1884","2","cayetano-gallino","necesita imagen",""
"347","Cecilia Brugnini","1943-","2","cecilia-brugnini","necesita imagen",""
"348","Celia Giacosa","","2","celia-giacosa","necesita imagen",""
"349","Cesáreo Bernaldo de Quirós","1879-1968","2","cesareo-bernaldo-de-quiros","necesita imagen",""
"350","Charles Martin Sauvaigo","1881-1970","2","charles-martin-sauvaigo","necesita imagen",""
"351","Clarina Vicens","1938-","2","clarina-vicens","necesita imagen",""
"352","Cristy Gava","1916-1985","2","cristy-gava","necesita imagen",""
"353","Daniel Amaral Oyarvide","1951-","2","daniel-amaral-oyarvide","necesita imagen",""
"354","Dante Ferrer Saravia","1920-","2","dante-ferrer-saravia","necesita imagen",""
"355","Dermont","","2","dermont","necesita imagen",""
"356","Diego Focaccio","1967-","2","diego-focaccio","necesita imagen",""
"357","Domingo Giaudrone","1889-1968","2","domingo-giaudrone","necesita imagen",""
"358","Domingo Mora","1840-1911","2","domingo-mora","necesita imagen",""
"359","Dunoyer De Segonzag","1884-1974","2","dunoyer-de-segonzag","necesita imagen",""
"360","Edouard Pignon","1905-1993","2","edouard-pignon","necesita imagen",""
"361","Eduardo Cardozo","1965-","2","eduardo-cardozo","necesita imagen",""
"362","Eduardo Fornasari Baum","1946-","2","eduardo-fornasari-baum","necesita imagen",""
"363","Eduardo Lapaitis Vaikunaite","1931-","2","eduardo-lapaitis-vaikunaite","necesita imagen",""
"364","Eduardo Vallarino","1907-1971","2","eduardo-vallarino","necesita imagen",""
"365","Eliseo Meifren","1859-1940","2","eliseo-meifren","necesita imagen",""
"366","Enrique Fernández Broglia","1942-2013","2","enrique-fernandez-broglia","necesita imagen",""
"367","Ernesto Vila","1936-2025","2","ernesto-vila","necesita imagen",""
"368","Eurídice Méndez de Cruz","1912-","2","euridice-mendez-de-cruz","necesita imagen",""
"369","Ezequiel Duarte","1800-","2","ezequiel-duarte","necesita imagen",""
"370","Federico Emilio Jeannin","1859-1925","2","federico-emilio-jeannin","necesita imagen",""
"371","Félix Braquemond","1833-1914","2","felix-braquemond","necesita imagen",""
"372","Fernand Maillaud","1862-1948","2","fernand-maillaud","necesita imagen",""
"373","Fernando Cabezudo","1927-2014","2","fernando-cabezudo","necesita imagen",""
"374","Fernando Laroche","1870-1938","2","fernando-laroche","necesita imagen",""
"375","Fernando Olivier","1873-","2","fernando-olivier","necesita imagen",""
"376","Filippo Palizzi","1818-1889","2","filippo-palizzi","necesita imagen",""
"377","Francisco Castro Leñero","1954-","2","francisco-castro-lenero","necesita imagen",""
"378","Giuseppe Quaranta","1851-1921","2","giuseppe-quaranta","necesita imagen",""
"379","Guillermo León Fernández","1928-2007","2","guillermo-leon-fernandez","necesita imagen",""
"380","Guiomar S. Fagúndes","1869-","2","guiomar-s-fagundes","necesita imagen",""
"381","Gustavo Fernández","1958-","2","gustavo-fernandez","necesita imagen",""
"382","Haroldo González Nicolini","1941-","2","haroldo-gonzalez-nicolini","necesita imagen",""
"383","Henry Katser","1942-","2","henry-katser","necesita imagen",""
"384","Hervé Fischer","1941-","2","herve-fischer","necesita imagen",""
"385","Horacio Martínez Ferrer","","2","horacio-martinez-ferrer","necesita imagen",""
"386","Hugo Luis Ricobaldi","1937-","2","hugo-luis-ricobaldi","necesita imagen",""
"387","Ignacio Zuloaga","1870-1945","2","ignacio-zuloaga","necesita imagen",""
"388","Ivan Mestrovi&#263;","1883-1962","2","ivan-mestrovi-263","necesita imagen",""
"389","J. Mauron","","2","j-mauron","necesita imagen",""
"390","Jaime Washington Alaluf","1921-","2","jaime-washington-alaluf","necesita imagen",""
"391","Jaques Villon","1875-","2","jaques-villon","necesita imagen",""
"392","Javier Gil","1961-","2","javier-gil","necesita imagen",""
"393","Joaquin Sorolla y Bastida","1863-1923","2","joaquin-sorolla-y-bastida","necesita imagen",""
"394","Jonio Montiel","1924-1986","2","jonio-montiel","necesita imagen",""
"395","Jorge Brito (o Britos)","1925-1996","2","jorge-brito-o-britos","necesita imagen",""
"396","Jorge Carrozzino","1938-1986","2","jorge-carrozzino","necesita imagen",""
"397","Jorge Casterán","1944-2016","2","jorge-casteran","necesita imagen",""
"398","José Alassio","1875-1916","2","jose-alassio","necesita imagen",""
"399","José Bernard","1866-1931","2","jose-bernard","necesita imagen",""
"400","José Gurvich","1927-1974","2","jose-gurvich","necesita imagen",""
"401","José Miguel Pallejá","1861-1887","2","jose-miguel-palleja","necesita imagen",""
"402","José Pedro Montero Bustamante","1875-1927","2","jose-pedro-montero-bustamante","necesita imagen",""
"403","Juan C. Montero Zorrilla","1912-1994","2","juan-c-montero-zorrilla","necesita imagen",""
"404","Juan Carlos Demarco","1921-1999","2","juan-carlos-demarco","necesita imagen",""
"405","Juan Carlos Viera","1913-","2","juan-carlos-viera","necesita imagen",""
"406","Juan Eduardo Markarián","1930-","2","juan-eduardo-markarian","necesita imagen",""
"407","Juan Manuel Rodríguez","1980-","2","juan-manuel-rodriguez","necesita imagen",""
"408","Juan Sanuy","1850-1908","2","juan-sanuy","necesita imagen",""
"409","Jules Desbois","1851-1935","2","jules-desbois","necesita imagen",""
"410","Julio Carlos Rozier","","2","julio-carlos-rozier","necesita imagen",""
"411","Julio José González Díaz","1926-","2","julio-jose-gonzalez-diaz","necesita imagen",""
"412","Julio Testoni","1948-","2","julio-testoni","necesita imagen",""
"413","Kouei, Hia","","2","kouei-hia","necesita imagen",""
"414","L. Richard","","2","l-richard","necesita imagen",""
"415","León Gischia","1903-1991","2","leon-gischia","necesita imagen",""
"416","Léonie Matthis","1883-1952","2","leonie-matthis","necesita imagen",""
"417","Linda Kohen","1924-2026","2","linda-kohen","necesita imagen",""
"418","Louis Coignard","1810-1883","2","louis-coignard","necesita imagen",""
"419","Luis Falcini","1889-1973","2","luis-falcini","necesita imagen",""
"420","Luis Gianmarchi","1904-1976","2","luis-gianmarchi","necesita imagen",""
"421","Luis Goyanes","1907-","2","luis-goyanes","necesita imagen",""
"422","Luis Vasalli","","2","luis-vasalli","necesita imagen",""
"423","Manuel Barthold","1874-1947","2","manuel-barthold","necesita imagen",""
"424","Manuel Carbajal Victorica","1896-1951","2","manuel-carbajal-victorica","necesita imagen",""
"425","Manuel Colmeiro","1901-1999","2","manuel-colmeiro","necesita imagen",""
"426","Manuel Domínguez Nieto","1919-2002","2","manuel-dominguez-nieto","necesita imagen",""
"427","Manuel López Cortés","1918-2002","2","manuel-lopez-cortes","necesita imagen",""
"428","Marandon De Montyel","1784-1854","2","marandon-de-montyel","necesita imagen",""
"429","María Luisa Gil Janeiro","1917-","2","maria-luisa-gil-janeiro","necesita imagen",""
"430","María Mercedes De Luis","1922-2012","2","maria-mercedes-de-luis","necesita imagen",""
"431","María Olga Piria de Jaureguy","1927-2015","2","maria-olga-piria-de-jaureguy","necesita imagen",""
"432","Marie Laurencin","1883-1956","2","marie-laurencin","necesita imagen",""
"433","Mario Eduardo De Cola","1927-","2","mario-eduardo-de-cola","necesita imagen",""
"434","Marta Carafi","1904-1994","2","marta-carafi","necesita imagen",""
"435","Maruyama Okyo","1733-1795","2","maruyama-okyo","necesita imagen",""
"436","Miguel Ángel del Pino y Sardá","1890-1973","2","miguel-angel-del-pino-y-sarda","necesita imagen",""
"437","Miguel Bresciano","1937-1979","2","miguel-bresciano","necesita imagen",""
"438","Narcisse-Virgile Díaz de la Peña","1808-1876","2","narcisse-virgile-diaz-de-la-pena","necesita imagen",""
"439","Nelson Romero","1951-2012","2","nelson-romero","necesita imagen",""
"440","Nicolás Cuparo","1906-1976","2","nicolas-cuparo","necesita imagen",""
"441","Octavio Pinto","1890-1941","2","octavio-pinto","necesita imagen",""
"442","Octavio Podestá","1929-","2","octavio-podesta","necesita imagen",""
"443","Odilón Redón","1840-1916","2","odilon-redon","necesita imagen",""
"444","Omar W. Bulla Firpo","1919-","2","omar-w-bulla-firpo","necesita imagen",""
"445","Oscar Ferrando","1943-","2","oscar-ferrando","necesita imagen",""
"446","Oswaldo Goeldi","1895-1961","2","oswaldo-goeldi","necesita imagen",""
"447","Pablo Mañé Garzón","1921-2004","2","pablo-mane-garzon","necesita imagen",""
"448","Paul Gavarni","1804-1866","2","paul-gavarni","necesita imagen",""
"449","Pedro Miguel Astapenco","1924-2005","2","pedro-miguel-astapenco","necesita imagen",""
"450","Pierre Alechinsky","1927-","2","pierre-alechinsky","necesita imagen",""
"451","Pierre Guastalla","1891-1968","2","pierre-guastalla","necesita imagen",""
"452","Rafael Lorente","1940-","2","rafael-lorente","necesita imagen",""
"453","Rafael Ruano","1925-2016","2","rafael-ruano","necesita imagen",""
"454","Ramón Bauzá","1894-1969","2","ramon-bauza","necesita imagen",""
"455","Robert Delaunay","1885-1941","2","robert-delaunay","necesita imagen",""
"456","Roberto Orlando","1915-","2","roberto-orlando","necesita imagen",""
"457","Rolf Cavael","1898-1979","2","rolf-cavael","necesita imagen",""
"458","Rómulo Roberto Aguerre","1919-2002","2","romulo-roberto-aguerre","necesita imagen",""
"459","Salvador Carbonell y Migal","1881-1956","2","salvador-carbonell-y-migal","necesita imagen",""
"460","Santiago Rico","1800-","2","santiago-rico","necesita imagen",""
"461","Saralegui","","2","saralegui","necesita imagen",""
"462","Stelio Belloni","1920-1989","2","stelio-belloni","necesita imagen",""
"463","Tranquillo Marangoni","1912-1992","2","tranquillo-marangoni","necesita imagen",""
"464","Ulpiano Checa y Sánz","1860-1916","2","ulpiano-checa-y-sanz","necesita imagen",""
"465","Vadine Androusov","1895-1975","2","vadine-androusov","necesita imagen",""
"466","Víctor Delhez","1902-1985","2","victor-delhez","necesita imagen",""
"467","Virginia Patrone","1950-","2","virginia-patrone","necesita imagen",""
"468","Yves Alix","1890-1969","2","yves-alix","necesita imagen",""
"469","'Enzo' Doméstico Kabregú","1906-1972","1","enzo-domestico-kabregu","necesita imagen",""
"470","A. Moline","1800-","1","a-moline","necesita imagen",""
"471","A. Patimont","","1","a-patimont","necesita imagen",""
"472","A. Schuria","","1","a-schuria","necesita imagen",""
"473","Abel Rezzano","1936-2020","1","abel-rezzano","necesita imagen",""
"474","Adela Neffa","1922-2019","1","adela-neffa","necesita imagen",""
"475","Adolfo Mexiac","1927-2019","1","adolfo-mexiac","necesita imagen",""
"476","Adrien-Jean Le Mayeur","1880-1958","1","adrien-jean-le-mayeur","necesita imagen",""
"477","Agustín Ezcurra","1880-1958","1","agustin-ezcurra","necesita imagen",""
"478","Agustín Sabella","1977-","1","agustin-sabella","necesita imagen",""
"479","Aime Stevens","1879-1951","1","aime-stevens","necesita imagen",""
"480","Alba Ardao","1910-","1","alba-ardao","necesita imagen",""
"481","Albert Claeys","1889-1967","1","albert-claeys","necesita imagen",""
"482","Albert Gleizes","1881-1953","1","albert-gleizes","necesita imagen",""
"483","Albert Loriol","1882-","1","albert-loriol","necesita imagen",""
"484","Alberto Delmonte","1933-2005","1","alberto-delmonte","necesita imagen",""
"485","Alberto Lagos","1885-1960","1","alberto-lagos","necesita imagen",""
"486","Alberto Lastreto","1951-","1","alberto-lastreto","necesita imagen",""
"487","Alberto Magnelli","1888-1971","1","alberto-magnelli","necesita imagen",""
"488","Alberto Plá Rubio","1867-1937","1","alberto-pla-rubio","necesita imagen",""
"489","Alberto Schwartz","1800-","1","alberto-schwartz","necesita imagen",""
"490","Albrecht Dürer","-1528","1","albrecht-durer","necesita imagen",""
"491","Alejandro Casares Mora","1942-2020","1","alejandro-casares-mora","necesita imagen",""
"492","Alejandro Márquez","1882-1959","1","alejandro-marquez","necesita imagen",""
"493","Alejandro Metalo Gibert","1902-1966","1","alejandro-metalo-gibert","necesita imagen",""
"494","Alejandro Pérez Cruz","1966-","1","alejandro-perez-cruz","necesita imagen",""
"495","Alfred Broquelet","1861-1957","1","alfred-broquelet","necesita imagen",""
"496","Alfredo Benítez","1888-1938","1","alfredo-benitez","necesita imagen",""
"497","Alfredo Francisco Sollazzo","1895-1963","1","alfredo-francisco-sollazzo","necesita imagen",""
"498","Alfredo Peirano","","1","alfredo-peirano","necesita imagen",""
"499","Alfredo Sisley","1839-1899","1","alfredo-sisley","necesita imagen",""
"500","Álvaro Diego Gómez Campuzano","1956-","1","alvaro-diego-gomez-campuzano","necesita imagen",""
"501","Amado Chihan","1927-2014","1","amado-chihan","necesita imagen",""
"502","Américo Aragunde","1877-1953","1","americo-aragunde","necesita imagen",""
"503","Ana Ma. Fabini","","1","ana-ma-fabini","necesita imagen",""
"504","Ana Ma. Prendergast","1897-","1","ana-ma-prendergast","necesita imagen",""
"505","Ana Méndez","","1","ana-mendez","necesita imagen",""
"506","Ana Santos","1978-","1","ana-santos","necesita imagen",""
"507","Ana Tiscornia","1951-","1","ana-tiscornia","necesita imagen",""
"508","André Derain","1880-1954","1","andre-derain","necesita imagen",""
"509","Andrés Fougeron","1913-1998","1","andres-fougeron","necesita imagen",""
"510","Andrés Gloria Vázquez","1971-","1","andres-gloria-vazquez","necesita imagen",""
"511","Ángel Cortellini Sánchez","1858-1912","1","angel-cortellini-sanchez","necesita imagen",""
"512","Ángel Damián","1922-1974","1","angel-damian","necesita imagen",""
"513","Ángel Salvador","1910-","1","angel-salvador","necesita imagen",""
"514","Antón Crestar","1896-1983","1","anton-crestar","necesita imagen",""
"515","Antoni Starczewski","1924-2000","1","antoni-starczewski","necesita imagen",""
"516","Antonio Cabral Bejarano","1788-1861","1","antonio-cabral-bejarano","necesita imagen",""
"517","Antonio Le Nain","1599-1648","1","antonio-le-nain","necesita imagen",""
"518","Antonio Pérez Barradas","","1","antonio-perez-barradas","necesita imagen",""
"519","Antonio Rosello Pons","","1","antonio-rosello-pons","necesita imagen",""
"520","Arturo Daneri","1889-","1","arturo-daneri","necesita imagen",""
"521","Arturo García Bustos","1926-","1","arturo-garcia-bustos","necesita imagen",""
"522","Auguste Herbin","1882-1960","1","auguste-herbin","necesita imagen",""
"523","Ayax Barnes","1926-1993","1","ayax-barnes","necesita imagen",""
"524","Azteca de Gyves","1963-","1","azteca-de-gyves","necesita imagen",""
"525","B. Raynaud","","1","b-raynaud","necesita imagen",""
"526","Baldomero Gilli Roig","1873-1926","1","baldomero-gilli-roig","necesita imagen",""
"527","Beatriz Magliati","1932-","1","beatriz-magliati","necesita imagen",""
"528","Benzo Manlio Menotti","","1","benzo-manlio-menotti","necesita imagen",""
"529","Bernardino (Poccetti) Barbatelli","1548-1612","1","bernardino-poccetti-barbatelli","necesita imagen",""
"530","Betsabeé Romero","1963-","1","betsabee-romero","necesita imagen",""
"531","Bolívar Gaudín","1932-2017","1","bolivar-gaudin","necesita imagen",""
"532","Boris Viskin","1960-","1","boris-viskin","necesita imagen",""
"533","Brian Mackern","1962-","1","brian-mackern","necesita imagen",""
"534","C. Demichelli","","1","c-demichelli","necesita imagen",""
"535","C.J. Kranet","","1","c-j-kranet","necesita imagen",""
"536","C.T. Debloise","1851-","1","c-t-debloise","necesita imagen",""
"537","Camille Corot","1796-1875","1","camille-corot","necesita imagen",""
"538","Carlos Aramburu","1951-","1","carlos-aramburu","necesita imagen",""
"539","Carlos Barea","1954-","1","carlos-barea","necesita imagen",""
"540","Carlos Caffera Baru","1931-2010","1","carlos-caffera-baru","necesita imagen",""
"541","Carlos Carvalho","1934-1999","1","carlos-carvalho","necesita imagen",""
"542","Carlos Elena","1895-","1","carlos-elena","necesita imagen",""
"543","Carlos Emilio Dupont","","1","carlos-emilio-dupont","necesita imagen",""
"544","Carlos M. Uriarte","1800-","1","carlos-m-uriarte","necesita imagen",""
"545","Carlos María Martínez","1922-2009","1","carlos-maria-martinez","necesita imagen",""
"546","Carlos Millot","1933-","1","carlos-millot","necesita imagen",""
"547","Carlos Musso","1954-","1","carlos-musso","necesita imagen",""
"548","Carlos Pablo Pieri","1926-1993","1","carlos-pablo-pieri","necesita imagen",""
"549","Carlos Palleiro","","1","carlos-palleiro","necesita imagen",""
"550","Carlos Puig Vazquez","","1","carlos-puig-vazquez","necesita imagen",""
"551","Carlos Rodríguez","","1","carlos-rodriguez","necesita imagen",""
"552","Carlos Sgarbi","1953-","1","carlos-sgarbi","necesita imagen",""
"553","Casimiro Motta","1922-2001","1","casimiro-motta","necesita imagen",""
"554","Ce Vignolo","1971-","1","ce-vignolo","necesita imagen",""
"555","César Baldaccini","1921-1998","1","cesar-baldaccini","necesita imagen",""
"556","Charles Delporte","1928-2012","1","charles-delporte","necesita imagen",""
"557","Charles Walch","1896-1948","1","charles-walch","necesita imagen",""
"558","Cildo Meireles","1948-","1","cildo-meireles","necesita imagen",""
"559","Cisco Jiménez","1969-","1","cisco-jimenez","necesita imagen",""
"560","Clara Heteny de Francini","1919-1974","1","clara-heteny-de-francini","necesita imagen",""
"561","Clara Scremini","1939-","1","clara-scremini","necesita imagen",""
"562","Claude Michelle Bagnalasta","1928-2019","1","claude-michelle-bagnalasta","necesita imagen",""
"563","Crisanto Del Mónaco","1870-1963","1","crisanto-del-monaco","necesita imagen",""
"564","Crispín Vayadares","","1","crispin-vayadares","necesita imagen",""
"565","D. Veracierto","","1","d-veracierto","necesita imagen",""
"566","Daniel Escardó","1957-2018","1","daniel-escardo","necesita imagen",""
"567","Daniel González","1959-","1","daniel-gonzalez","necesita imagen",""
"568","Daniel Ranzoni","1843-1889","1","daniel-ranzoni","necesita imagen",""
"569","David de la Mano","","1","david-de-la-mano","necesita imagen",""
"570","De Lafage G.L.","1830-1858","1","de-lafage-g-l","necesita imagen",""
"571","Delia Demicheri","","1","delia-demicheri","necesita imagen",""
"572","Demián Flores","1971-","1","demian-flores","necesita imagen",""
"573","Diego Donner","1959-","1","diego-donner","necesita imagen",""
"574","Diego Masi","1965-","1","diego-masi","necesita imagen",""
"575","Diego Velazco","1967-","1","diego-velazco","necesita imagen",""
"576","Diógenes Paredes","1910-1968","1","diogenes-paredes","necesita imagen",""
"577","Doménico Failutti","1872-1923","1","domenico-failutti","necesita imagen",""
"578","Doménico Serio Calabrone","1928-2000","1","domenico-serio-calabrone","necesita imagen",""
"579","Domingo Bazzurro","1886-1962","1","domingo-bazzurro","necesita imagen",""
"580","Domingo Ferreira","1940-","1","domingo-ferreira","necesita imagen",""
"581","Duilio Lorenzo Saredo","1906-","1","duilio-lorenzo-saredo","necesita imagen",""
"582","E.J. Jouveneau","","1","e-j-jouveneau","necesita imagen",""
"583","Eddie Martínez","1963-","1","eddie-martinez","necesita imagen",""
"584","Edouard Manet","1832-1883","1","edouard-manet","necesita imagen",""
"585","Édouard Vuillard","1868-1940","1","edouard-vuillard","necesita imagen",""
"586","Eduard Wiiralt","1898-1954","1","eduard-wiiralt","necesita imagen",""
"587","Eduardo Acosta Bentos","1951-","1","eduardo-acosta-bentos","necesita imagen",""
"588","Eduardo R. Petenello","1911-","1","eduardo-r-petenello","necesita imagen",""
"589","Eduardo Rosales","1836-1873","1","eduardo-rosales","necesita imagen",""
"590","Eduardo Sarlós","1938-1998","1","eduardo-sarlos","necesita imagen",""
"591","Eduardo Sixto Acevedo","1933-","1","eduardo-sixto-acevedo","necesita imagen",""
"592","Eduardo Víctor Haedo","1901-1970","1","eduardo-victor-haedo","necesita imagen",""
"593","Efraín Morales Sánchez","1962-","1","efrain-morales-sanchez","necesita imagen",""
"594","Elena Molinari","1956-","1","elena-molinari","necesita imagen",""
"595","Elena Pasquali Marchesi","1908-2003","1","elena-pasquali-marchesi","necesita imagen",""
"596","Elena Sánchez Castellanos","1930-","1","elena-sanchez-castellanos","necesita imagen",""
"597","Elia Laporte","","1","elia-laporte","necesita imagen",""
"598","Elmer W. Schofield","1866-1944","1","elmer-w-schofield","necesita imagen",""
"599","Eloisa Ibarra","1968-","1","eloisa-ibarra","necesita imagen",""
"600","Eloy Tarciso","1955-","1","eloy-tarciso","necesita imagen",""
"601","Ema Real de Azúa","1914-","1","ema-real-de-azua","necesita imagen",""
"602","Ema Vanoni","1895-1970","1","ema-vanoni","necesita imagen",""
"603","Emil Schumacher","1912-1999","1","emil-schumacher","necesita imagen",""
"604","Emile-Louis Derbier","1800-1900","1","emile-louis-derbier","necesita imagen",""
"605","Emiliano Di Cavalcanti","1897-1976","1","emiliano-di-cavalcanti","necesita imagen",""
"606","Emiliano Gironella","1972-","1","emiliano-gironella","necesita imagen",""
"607","Emiliano López Javier","1959-","1","emiliano-lopez-javier","necesita imagen",""
"608","Emilio Petorutti","1892-1971","1","emilio-petorutti","necesita imagen",""
"609","Emma de Badetto","1906-1993","1","emma-de-badetto","necesita imagen",""
"610","Enrico Astorri","1859-1921","1","enrico-astorri","necesita imagen",""
"611","Enrique Flores","1963-","1","enrique-flores","necesita imagen",""
"612","Enrique Leon Voisin","","1","enrique-leon-voisin","necesita imagen",""
"613","Enrique Pérez","1950-","1","enrique-perez","necesita imagen",""
"614","Enrique Serra","1859-1918","1","enrique-serra","necesita imagen",""
"615","Ernesto Alexandro","1906-1948","1","ernesto-alexandro","necesita imagen",""
"616","Esther Raszap de Sandman","1928-2017","1","esther-raszap-de-sandman","necesita imagen",""
"617","Eugène Arbeit","1825-1900","1","eugene-arbeit","necesita imagen",""
"618","Eugène de Kermadec","1899-1976","1","eugene-de-kermadec","necesita imagen",""
"619","Eva Schwartz","1904-","1","eva-schwartz","necesita imagen",""
"620","Eve Renee Nele","1932-","1","eve-renee-nele","necesita imagen",""
"621","Federico Barocci","1535-1612","1","federico-barocci","necesita imagen",""
"622","Federico J. Waugh","","1","federico-j-waugh","necesita imagen",""
"623","Federico Soneira Villademoros","1830-1900","1","federico-soneira-villademoros","necesita imagen",""
"624","Felipe Menini","1873-1940","1","felipe-menini","necesita imagen",""
"625","Felipe Secco","1964-","1","felipe-secco","necesita imagen",""
"626","Félix Morelli","1857-1922","1","felix-morelli","necesita imagen",""
"627","Fernand Debonnaires","1907-1997","1","fernand-debonnaires","necesita imagen",""
"628","Fernando Aceves Humana","1969-","1","fernando-aceves-humana","necesita imagen",""
"629","Fernando Andriacci","1972-","1","fernando-andriacci","necesita imagen",""
"630","Fernando Barrios","1968-","1","fernando-barrios","necesita imagen",""
"631","Fernando de Szyszlo","1925-2017","1","fernando-de-szyszlo","necesita imagen",""
"632","Fidel Sclavo","1960-","1","fidel-sclavo","necesita imagen",""
"633","Flor Minor","1961-","1","flor-minor","necesita imagen",""
"634","Fox Trinaz","1899-1964","1","fox-trinaz","necesita imagen",""
"635","Francesco Mancini","1830-1905","1","francesco-mancini","necesita imagen",""
"636","Francisco Gómez Arballo","1938-","1","francisco-gomez-arballo","necesita imagen",""
"637","Francisco Villar","","1","francisco-villar","necesita imagen",""
"638","Franco Aceves Humana","1965-","1","franco-aceves-humana","necesita imagen",""
"639","Francoise Barón de Gerard","1770-1837","1","francoise-baron-de-gerard","necesita imagen",""
"640","Franklin Undini","","1","franklin-undini","necesita imagen",""
"641","Frantisek Kupka","1871-1957","1","frantisek-kupka","necesita imagen",""
"642","Freddy Sorribas","1938-2017","1","freddy-sorribas","necesita imagen",""
"643","G. Moro","","1","g-moro","necesita imagen",""
"644","G.A.C. Segno","","1","g-a-c-segno","necesita imagen",""
"645","Gabriel Biessy","1854-1935","1","gabriel-biessy","necesita imagen",""
"646","Gabriel Galli","1958-","1","gabriel-galli","necesita imagen",""
"647","Gabriel Lema","1972-","1","gabriel-lema","necesita imagen",""
"648","Gabriel Macotela","1954-","1","gabriel-macotela","necesita imagen",""
"649","Gabriel Marechal","1700-","1","gabriel-marechal","necesita imagen",""
"650","Gabriela Dantes","1914-","1","gabriela-dantes","necesita imagen",""
"651","Gastón Garreaud","1934-2005","1","gaston-garreaud","necesita imagen",""
"652","Gastón Olalde","1925-2003","1","gaston-olalde","necesita imagen",""
"653","Genard Lahuerta","1905-1985","1","genard-lahuerta","necesita imagen",""
"654","George Albert Thompson","1868-1938","1","george-albert-thompson","necesita imagen",""
"655","George Oberteuffer","1878-1940","1","george-oberteuffer","necesita imagen",""
"656","Georges Braque","1882-1963","1","georges-braque","necesita imagen",""
"657","Georges Rouault","1871-1958","1","georges-rouault","necesita imagen",""
"658","Georges Zezzos","1883-1959","1","georges-zezzos","necesita imagen",""
"659","Georgette Iserbyt","1915-2001","1","georgette-iserbyt","necesita imagen",""
"660","Gerard Cochet","1888-1969","1","gerard-cochet","necesita imagen",""
"661","Giacomo Balla","1871-1958","1","giacomo-balla","necesita imagen",""
"662","Giocondo Faggioni","","1","giocondo-faggioni","necesita imagen",""
"663","Giovanni Fattori","1828-1908","1","giovanni-fattori","necesita imagen",""
"664","Giovanni Muzzioli","1854-1894","1","giovanni-muzzioli","necesita imagen",""
"665","Giovanni Paganucci","1827-1888","1","giovanni-paganucci","necesita imagen",""
"666","Giuseppe Aprea","1876-1946","1","giuseppe-aprea","necesita imagen",""
"667","Giuseppe Signorini","1857-1932","1","giuseppe-signorini","necesita imagen",""
"668","Guido Daniel Reni [Atribuido a]","1574-1642","1","guido-daniel-reni-atribuido-a","necesita imagen",""
"669","Guillermo Andrada","1926-1994","1","guillermo-andrada","necesita imagen",""
"670","Guillermo Eduardo Clulow","1908-1983","1","guillermo-eduardo-clulow","necesita imagen",""
"671","Guillermo José Brasini","1948-","1","guillermo-jose-brasini","necesita imagen",""
"672","Guillermo Olguín","1969-","1","guillermo-olguin","necesita imagen",""
"673","Gustavo Tabares","1968-","1","gustavo-tabares","necesita imagen",""
"674","Guy Colombo","1937-1995","1","guy-colombo","necesita imagen",""
"675","Gyula Kosice","1924-2016","1","gyula-kosice","necesita imagen",""
"676","H. de Toulouse Lautrec","1864-1901","1","h-de-toulouse-lautrec","necesita imagen",""
"677","H.P. Zimmer","1936-1992","1","h-p-zimmer","necesita imagen",""
"678","Hans (Jean) Arp","1887-1966","1","hans-jean-arp","necesita imagen",""
"679","Haude Sonia Gobbi","1928-","1","haude-sonia-gobbi","necesita imagen",""
"680","Heber Riguetti Ramos","1948-2016","1","heber-riguetti-ramos","necesita imagen",""
"681","Héctor Hanoteau","1823-1890","1","hector-hanoteau","necesita imagen",""
"682","Héctor Yuyo Goitiño","1935-2016","1","hector-yuyo-goitino","necesita imagen",""
"683","Helen Escobedo","1934-","1","helen-escobedo","necesita imagen",""
"684","Helga Krebs","1928-2010","1","helga-krebs","necesita imagen",""
"685","Henry de Warroquier","1881-1970","1","henry-de-warroquier","necesita imagen",""
"686","Henry Lefort","1846-1912","1","henry-lefort","necesita imagen",""
"687","Hermann Meissner","1914-","1","hermann-meissner","necesita imagen",""
"688","Hermenegildo Anglada Camarasa","1871-1959","1","hermenegildo-anglada-camarasa","necesita imagen",""
"689","Hermine David","1886-1970","1","hermine-david","necesita imagen",""
"690","Hilda E. S. de O'Donoghue","1886-1970","1","hilda-e-s-de-o-donoghue","necesita imagen",""
"691","Honoré Bérard","1845-","1","honore-berard","necesita imagen",""
"692","Hosman","","1","hosman","necesita imagen",""
"693","Hugo Alíes","1945-2019","1","hugo-alies","necesita imagen",""
"694","Hugo Lago Peña","1939-","1","hugo-lago-pena","necesita imagen",""
"695","Ignacio Iturria","1949-","1","ignacio-iturria","necesita imagen",""
"696","Ignacio Márquez","1959-","1","ignacio-marquez","necesita imagen",""
"697","Iris &quot;Nené&quot; Caorci","1915-2003","1","iris-quot-nene-quot-caorci","necesita imagen",""
"698","Irma Palacios","1943-","1","irma-palacios","necesita imagen",""
"699","Isidoro Farina","1857-1898","1","isidoro-farina","necesita imagen",""
"700","Israel Hoffman","1876-1971","1","israel-hoffman","necesita imagen",""
"701","Jacob Abraham Camille Pissarro","1830-1903","1","jacob-abraham-camille-pissarro","necesita imagen",""
"702","Jacob Steindhart","1887-1968","1","jacob-steindhart","necesita imagen",""
"703","Jacques Martin Ferrières","1893-1972","1","jacques-martin-ferrieres","necesita imagen",""
"704","James McNeill Whistler","1834-1903","1","james-mcneill-whistler","necesita imagen",""
"705","Jan Peeter Van Bredael","1683-1735","1","jan-peeter-van-bredael","necesita imagen",""
"706","Jan Van Goyen","1596-1656","1","jan-van-goyen","necesita imagen",""
"707","Javier Fernández","1951-","1","javier-fernandez","necesita imagen",""
"708","Javier Marín","1962-","1","javier-marin","necesita imagen",""
"709","Javier Velázquez","1938-","1","javier-velazquez","necesita imagen",""
"710","Jean Baptiste Carpeaux","1827-1875","1","jean-baptiste-carpeaux","necesita imagen",""
"711","Jean Baptiste Debret","1768-1848","1","jean-baptiste-debret","necesita imagen",""
"712","Jean E. Bersier","1895-1978","1","jean-e-bersier","necesita imagen",""
"713","Jean E. Labourer","1827-1943","1","jean-e-labourer","necesita imagen",""
"714","Jean Lurcat","1892-1966","1","jean-lurcat","necesita imagen",""
"715","Jean Van Heel","1898-1990","1","jean-van-heel","necesita imagen",""
"716","Joan Semmel","1932-","1","joan-semmel","necesita imagen",""
"717","Joel Rendón","1967-","1","joel-rendon","necesita imagen",""
"718","Johnny Friedlander","1912-1992","1","johnny-friedlander","necesita imagen",""
"719","Jorge Calasso","1931-1970","1","jorge-calasso","necesita imagen",""
"720","Jorge de la Vega","1930-1971","1","jorge-de-la-vega","necesita imagen",""
"721","José (de Calasanz) Ferro (Álvarez)","1903-","1","jose-de-calasanz-ferro-alvarez","necesita imagen",""
"722","José Alberto Saint Romain","1909-1976","1","jose-alberto-saint-romain","necesita imagen",""
"723","José Alessandria","1821-1858","1","jose-alessandria","necesita imagen",""
"724","José Antonio Castillo","1958-","1","jose-antonio-castillo","necesita imagen",""
"725","José Benlliure","1855-1937","1","jose-benlliure","necesita imagen",""
"726","José Domingo Barbieri","1890-1943","1","jose-domingo-barbieri","necesita imagen",""
"727","José Fiúza Guimarães","1868-1949","1","jose-fiuza-guimaraes","necesita imagen",""
"728","José Gervasio Padilla","1919-","1","jose-gervasio-padilla","necesita imagen",""
"729","José Gómez Rifas","1944-","1","jose-gomez-rifas","necesita imagen",""
"730","José L. Graña Altez","1956-","1","jose-l-grana-altez","necesita imagen",""
"731","José L. Montes Lenguas","1929-2001","1","jose-l-montes-lenguas","necesita imagen",""
"732","José Lazcarro Toquero","1941-","1","jose-lazcarro-toquero","necesita imagen",""
"733","José Luis 'Tola' Invernizzi","1949-","1","jose-luis-tola-invernizzi","necesita imagen",""
"734","Jose Ma. Rodriguez Lozada","1826-1896","1","jose-ma-rodriguez-lozada","necesita imagen",""
"735","José Martín Sulaiman","1958-","1","jose-martin-sulaiman","necesita imagen",""
"736","José Pagés Ortiz","","1","jose-pages-ortiz","necesita imagen",""
"737","José Palmeiro","1903-","1","jose-palmeiro","necesita imagen",""
"738","José Rossi","","1","jose-rossi","necesita imagen",""
"739","José Sacheri","1863-1950","1","jose-sacheri","necesita imagen",""
"740","José Trujillo","1960-2019","1","jose-trujillo","necesita imagen",""
"741","José Villegas Cordero","","1","jose-villegas-cordero","necesita imagen",""
"742","Josep Casanovas Clerch","1858-1920","1","josep-casanovas-clerch","necesita imagen",""
"743","Joseph Victor Communal","1876-1962","1","joseph-victor-communal","necesita imagen",""
"744","Joy Laville","1923-2018","1","joy-laville","necesita imagen",""
"745","Juan A. Urruzola","1953-","1","juan-a-urruzola","necesita imagen",""
"746","Juan Alcázar","1955-2013","1","juan-alcazar","necesita imagen",""
"747","Juan Álvarez Muñoz","1883-1956","1","juan-alvarez-munoz","necesita imagen",""
"748","Juan Burgos","1963-","1","juan-burgos","necesita imagen",""
"749","Juan Carlos Ciccolo","1908-1984","1","juan-carlos-ciccolo","necesita imagen",""
"750","Juan Carlos Ferreira Santos","1942-2006","1","juan-carlos-ferreira-santos","necesita imagen",""
"751","Juan Carlos Iglesias","1945-","1","juan-carlos-iglesias","necesita imagen",""
"752","Juan de Andrés","1941-","1","juan-de-andres","necesita imagen",""
"753","Juan Gris","1887-1927","1","juan-gris","necesita imagen",""
"754","Juan Jongkind","1819-1891","1","juan-jongkind","necesita imagen",""
"755","Juan Pedro Ochoa","1928-","1","juan-pedro-ochoa","necesita imagen",""
"756","Julien Tavernier","","1","julien-tavernier","necesita imagen",""
"757","Julio Arístides Sartorio","1860-1932","1","julio-aristides-sartorio","necesita imagen",""
"758","Julio César Michielli","1939-1987","1","julio-cesar-michielli","necesita imagen",""
"759","Julio Freire","1856-1892","1","julio-freire","necesita imagen",""
"760","Julio Romano Vercelli","1879-","1","julio-romano-vercelli","necesita imagen",""
"761","Justina Fuentes","1954-","1","justina-fuentes","necesita imagen",""
"762","Kálmán Bardon","1892-","1","kalman-bardon","necesita imagen",""
"763","L. Galletti","","1","l-galletti","necesita imagen",""
"764","L. Tunguis","","1","l-tunguis","necesita imagen",""
"765","Lacy Duarte","1937-2015","1","lacy-duarte","necesita imagen",""
"766","Léon Danchin","1887-1938","1","leon-danchin","necesita imagen",""
"767","León Navez","1900-1967","1","leon-navez","necesita imagen",""
"768","Leonardo Bazzaro","1853-1937","1","leonardo-bazzaro","necesita imagen",""
"769","Leonora Carrington","1917-2011","1","leonora-carrington","necesita imagen",""
"770","Lhiedgel","","1","lhiedgel","necesita imagen",""
"771","Lía Mainero","1902-1964","1","lia-mainero","necesita imagen",""
"772","Lionello Balestrieri","1872-1958","1","lionello-balestrieri","necesita imagen",""
"773","Livio Abramo","1903-1992","1","livio-abramo","necesita imagen",""
"774","Lola Lecour","1906-1985","1","lola-lecour","necesita imagen",""
"775","Lorena Montes","1980-","1","lorena-montes","necesita imagen",""
"776","Louis Bentabole","1820-1880","1","louis-bentabole","necesita imagen",""
"777","Louis Isidore Journot","1867-1935","1","louis-isidore-journot","necesita imagen",""
"778","Lucas Vorsterman","1595-1675","1","lucas-vorsterman","necesita imagen",""
"779","Lucía Frank","1898-","1","lucia-frank","necesita imagen",""
"780","Ludovico Carracci [Atribuido a]","1555-1619","1","ludovico-carracci-atribuido-a","necesita imagen",""
"781","Ludovico Cavaleri","1867-1942","1","ludovico-cavaleri","necesita imagen",""
"782","Luis Acosta García","1943-","1","luis-acosta-garcia","necesita imagen",""
"783","Luis Caminetti","1930-","1","luis-caminetti","necesita imagen",""
"784","Luis E. Deschamps","1846-1902","1","luis-e-deschamps","necesita imagen",""
"785","Luis Felipe Noé","1933-","1","luis-felipe-noe","necesita imagen",""
"786","Luis López Loza","1939-","1","luis-lopez-loza","necesita imagen",""
"787","Luis Mora","","1","luis-mora","necesita imagen",""
"788","Luis Ricaurte","1964-","1","luis-ricaurte","necesita imagen",""
"789","Luis Ricobaldi","1908-2005","1","luis-ricobaldi","necesita imagen",""
"790","Luis Seoane","1910-1979","1","luis-seoane","necesita imagen",""
"791","Luisa Richter","1928-2015","1","luisa-richter","necesita imagen",""
"792","M. Delonder(Delondre)","","1","m-delonder-delondre","necesita imagen",""
"793","Mabel Rabellino","1929-","1","mabel-rabellino","necesita imagen",""
"794","Manuel Aguiar","1927-2024","1","manuel-aguiar","necesita imagen",""
"795","Manuel Blustein","1924-","1","manuel-blustein","necesita imagen",""
"796","Manuel Domínguez","1839-1906","1","manuel-dominguez","necesita imagen",""
"797","Manuel Fellguerez","1928-","1","manuel-fellguerez","necesita imagen",""
"798","Manuel García Gil","","1","manuel-garcia-gil","necesita imagen",""
"799","Manuel Millares","1926-1972","1","manuel-millares","necesita imagen",""
"800","Manuel Rivera","1927-1995","1","manuel-rivera","necesita imagen",""
"801","Manuel Viola","","1","manuel-viola","necesita imagen",""
"802","Marcel Abougit","1886-1935","1","marcel-abougit","necesita imagen",""
"803","Marcel Duchamp - Rrose Sélavy","","1","marcel-duchamp-rrose-selavy","necesita imagen",""
"804","Marcel Gromaire","1892-1971","1","marcel-gromaire","necesita imagen",""
"805","Marcel Paul Combellas","1906-2007","1","marcel-paul-combellas","necesita imagen",""
"806","Marcelo Legrand","1961-","1","marcelo-legrand","necesita imagen",""
"807","Marco López Lomba","1920-1970","1","marco-lopez-lomba","necesita imagen",""
"808","Marco Palma","1964-","1","marco-palma","necesita imagen",""
"809","Margaret Whyte","1936-","1","margaret-whyte","necesita imagen",""
"810","Margarita Risi de Garcia Salvo","1902-1984","1","margarita-risi-de-garcia-salvo","necesita imagen",""
"811","María Agustina Fernández","1985-","1","maria-agustina-fernandez","necesita imagen",""
"812","María del Carmen Mendiola de Carriquiry","1929-","1","maria-del-carmen-mendiola-de-carriquiry","necesita imagen",""
"813","María Elena Saint Romain","","1","maria-elena-saint-romain","necesita imagen",""
"814","María Renée Pujadas","1916-","1","maria-renee-pujadas","necesita imagen",""
"815","Mariano Calvis","1909-","1","mariano-calvis","necesita imagen",""
"816","Mariano Fortuny","1838-1874","1","mariano-fortuny","necesita imagen",""
"817","Mariano Pineda Matus","","1","mariano-pineda-matus","necesita imagen",""
"818","Mario Avati","1921-2009","1","mario-avati","necesita imagen",""
"819","Mario Benedetti","1938-","1","mario-benedetti","necesita imagen",""
"820","Mario Meneghin","1934-2011","1","mario-meneghin","necesita imagen",""
"821","Mario Radaelli","1882-1964","1","mario-radaelli","necesita imagen",""
"822","Mario Spallanzani","1935-2019","1","mario-spallanzani","necesita imagen",""
"823","Marisa Boullosa","1961-","1","marisa-boullosa","necesita imagen",""
"824","Marius Chambon","1876-1962","1","marius-chambon","necesita imagen",""
"825","Mariví Ugolino","1943-2024","1","marivi-ugolino","necesita imagen",""
"826","Marta Restuccia","1937-2025","1","marta-restuccia","necesita imagen",""
"827","Martín Chirino","1925-2019","1","martin-chirino","necesita imagen",""
"828","Martín Hugues","1809-","1","martin-hugues","necesita imagen",""
"829","Martín Mendizábal","1960-","1","martin-mendizabal","necesita imagen",""
"830","Martín Verges Rilla","1975-","1","martin-verges-rilla","necesita imagen",""
"831","Maruja Mallo","1910-1995","1","maruja-mallo","necesita imagen",""
"832","Matilde Luisa Castro","","1","matilde-luisa-castro","necesita imagen",""
"833","Matilde R. Parpal de Zorrilla","","1","matilde-r-parpal-de-zorrilla","necesita imagen",""
"834","Maurice Utrillo","1883-1955","1","maurice-utrillo","necesita imagen",""
"835","Maurice Vlaminck","1876-","1","maurice-vlaminck","necesita imagen",""
"836","Mauro Francini","1924-","1","mauro-francini","necesita imagen",""
"837","Miguel A. Di Paulo","","1","miguel-a-di-paulo","necesita imagen",""
"838","Miguel A. Guerra","1935-","1","miguel-a-guerra","necesita imagen",""
"839","Miguel Ángel Baccaro","1921-2006","1","miguel-angel-baccaro","necesita imagen",""
"840","Miguel Ángel Zelayeta","1929-2000","1","miguel-angel-zelayeta","necesita imagen",""
"841","Miguel Kohler-Jan","1929-2011","1","miguel-kohler-jan","necesita imagen",""
"842","Miguel Lussheimer","","1","miguel-lussheimer","necesita imagen",""
"843","Miguel Rienzi","1886-1953","1","miguel-rienzi","necesita imagen",""
"844","Miguel Viladrich","","1","miguel-viladrich","necesita imagen",""
"845","Milian","1914-1984","1","milian","necesita imagen",""
"846","Mimmo Paladino","1948-","1","mimmo-paladino","necesita imagen",""
"847","Mónica Mayer","1954-","1","monica-mayer","necesita imagen",""
"848","Mónica Saucedo","1966-","1","monica-saucedo","necesita imagen",""
"849","N. Depanuschi","","1","n-depanuschi","necesita imagen",""
"850","Narciso Malatesta","1835-1896","1","narciso-malatesta","necesita imagen",""
"851","Neder Costa","1915-1974","1","neder-costa","necesita imagen",""
"852","Nelly Corominas","1924-2013","1","nelly-corominas","necesita imagen",""
"853","Nelson R. Laguzzi","","1","nelson-r-laguzzi","necesita imagen",""
"854","Nemesio Antúnez","1918-1993","1","nemesio-antunez","necesita imagen",""
"855","Nicola López","1975-","1","nicola-lopez","necesita imagen",""
"856","Nicolas Auguste Hesse","1795-1869","1","nicolas-auguste-hesse","necesita imagen",""
"857","O.H.","","1","o-h","necesita imagen",""
"858","O.M. Rosello","","1","o-m-rosello","necesita imagen",""
"859","Octavio De Los Campos","1903-1994","1","octavio-de-los-campos","necesita imagen",""
"860","Ohannes Ounanian","1926-2015","1","ohannes-ounanian","necesita imagen",""
"861","Omero Capozzoli","1923-2001","1","omero-capozzoli","necesita imagen",""
"862","Oscar Bonilla","1947-","1","oscar-bonilla","necesita imagen",""
"863","Oscar Larroca","1962-","1","oscar-larroca","necesita imagen",""
"864","Oscar Loevenich","1904-","1","oscar-loevenich","necesita imagen",""
"865","Oscar Meraldi","1932-1979","1","oscar-meraldi","necesita imagen",""
"866","Oscar Rodríguez","-2012","1","oscar-rodriguez","necesita imagen",""
"867","Oscar Salgueiro","","1","oscar-salgueiro","necesita imagen",""
"868","Osmar Santos","1934-","1","osmar-santos","necesita imagen",""
"869","Osvaldo Teixeira","1905-1974","1","osvaldo-teixeira","necesita imagen",""
"870","Othon Friesz","1879-1949","1","othon-friesz","necesita imagen",""
"871","P. Canes","","1","p-canes","necesita imagen",""
"872","P. De Istria","","1","p-de-istria","necesita imagen",""
"873","Pablo Atchugarry","1954-","1","pablo-atchugarry","necesita imagen",""
"874","Pablo Emilio León Perboyre","1851-1929","1","pablo-emilio-leon-perboyre","necesita imagen",""
"875","Pablo Pedro Emiot","1887-1950","1","pablo-pedro-emiot","necesita imagen",""
"876","Pacheco Fernández","","1","pacheco-fernandez","necesita imagen",""
"877","Paola Monzillo","1986-","1","paola-monzillo","necesita imagen",""
"878","Paolo Caliario Veronese [Atribuido a]","","1","paolo-caliario-veronese-atribuido-a","necesita imagen",""
"879","Particio Nin y Pablo Ríos","","1","particio-nin-y-pablo-rios","necesita imagen",""
"880","Patrícia Córdoba","1973-","1","patricia-cordoba","necesita imagen",""
"881","Paul Cézanne","1839-1906","1","paul-cezanne","necesita imagen",""
"882","Paul Gervais","1859-1944","1","paul-gervais","necesita imagen",""
"883","Paul Klee","1879-1940","1","paul-klee","necesita imagen",""
"884","Paul Signac","1863-1935","1","paul-signac","necesita imagen",""
"885","Pedro César Costa Beltrán","1935-","1","pedro-cesar-costa-beltran","necesita imagen",""
"886","Pedro Prado","1886-1952","1","pedro-prado","necesita imagen",""
"887","Pedro Sánchez","1903-","1","pedro-sanchez","necesita imagen",""
"888","Pedro Valenzani","1837-1899","1","pedro-valenzani","necesita imagen",""
"889","Per Anderson","1946-","1","per-anderson","necesita imagen",""
"890","Peter Alfred Gross","1849-1914","1","peter-alfred-gross","necesita imagen",""
"891","Philip Leslie Hale","1865-1931","1","philip-leslie-hale","necesita imagen",""
"892","Philippe Ramette","1961-","1","philippe-ramette","necesita imagen",""
"893","Pier Buraglio","1939-","1","pier-buraglio","necesita imagen",""
"894","Piero Marussig","1879-1937","1","piero-marussig","necesita imagen",""
"895","Pierre Albert Marquet","1875-1947","1","pierre-albert-marquet","necesita imagen",""
"896","Pierre Auguste Renoir","1841-1919","1","pierre-auguste-renoir","necesita imagen",""
"897","Pierre-Joseph Dedreux-Dorcy","1789-1874","1","pierre-joseph-dedreux-dorcy","necesita imagen",""
"898","Pieter Momper","1607-","1","pieter-momper","necesita imagen",""
"899","Pietro Da Cortona [Atribuido a]","1596-1669","1","pietro-da-cortona-atribuido-a","necesita imagen",""
"900","Pilar Bordes","1948-","1","pilar-bordes","necesita imagen",""
"901","Pilar González","1955-","1","pilar-gonzalez","necesita imagen",""
"902","Pío Collivadino","1869-1945","1","pio-collivadino","necesita imagen",""
"903","R. Araza","1889-","1","r-araza","necesita imagen",""
"904","Rafael Mandelzweig","1908-1956","1","rafael-mandelzweig","necesita imagen",""
"905","Rafael Ruiz Moreno","1969-","1","rafael-ruiz-moreno","necesita imagen",""
"906","Raoul Dufy","1877-1953","1","raoul-dufy","necesita imagen",""
"907","Raquel Aliseris Bernadá de Labaure-Casaravilla","1923-1986","1","raquel-aliseris-bernada-de-labaure-casaravilla","necesita imagen",""
"908","Raquel Orzuj","1939-2018","1","raquel-orzuj","necesita imagen",""
"909","Raúl Eberhard Oyarzún","1955-","1","raul-eberhard-oyarzun","necesita imagen",""
"910","Raúl Herrera","1941-","1","raul-herrera","necesita imagen",""
"911","Raymond Mason","1922-2010","1","raymond-mason","necesita imagen",""
"912","Raymundo Sesma","1954-","1","raymundo-sesma","necesita imagen",""
"913","René Derouin","1936-","1","rene-derouin","necesita imagen",""
"914","René Portocarrero","1912-1985","1","rene-portocarrero","necesita imagen",""
"915","Renée Geille Castro de Sayagués Lasso","1882-1959","1","renee-geille-castro-de-sayagues-lasso","necesita imagen",""
"916","Ricardo Urgell","1873-1924","1","ricardo-urgell","necesita imagen",""
"917","Rito Velazco Santander","","1","rito-velazco-santander","necesita imagen",""
"918","Robert Vandereycken","1933-","1","robert-vandereycken","necesita imagen",""
"919","Roberto Fernández Gabbiani","1930-","1","roberto-fernandez-gabbiani","necesita imagen",""
"920","Roberto Morassi","1918-2010","1","roberto-morassi","necesita imagen",""
"921","Roberto Rowley Mendes","1867-1942","1","roberto-rowley-mendes","necesita imagen",""
"922","Roberto Turnbull","1959-","1","roberto-turnbull","necesita imagen",""
"923","Rodolfo J.E. Kliche","1911-2007","1","rodolfo-j-e-kliche","necesita imagen",""
"924","Roger von Gunten","1933-","1","roger-von-gunten","necesita imagen",""
"925","Rolando Rojas","1970-","1","rolando-rojas","necesita imagen",""
"926","Rómulo Macció","1931-2016","1","romulo-maccio","necesita imagen",""
"927","Ronaldo San Martín","","1","ronaldo-san-martin","necesita imagen",""
"928","Ruben Maya","1964-","1","ruben-maya","necesita imagen",""
"929","Rubens Tosi Velazco","","1","rubens-tosi-velazco","necesita imagen",""
"930","Salvador Sánchez Barbudo","1857-1917","1","salvador-sanchez-barbudo","necesita imagen",""
"931","Sansón Flexor","1907-1971","1","sanson-flexor","necesita imagen",""
"932","Santiago Arturo Castilla","","1","santiago-arturo-castilla","necesita imagen",""
"933","Santiago Francis Swebach","1769-1823","1","santiago-francis-swebach","necesita imagen",""
"934","Santiago Rebolledo","1951-2020","1","santiago-rebolledo","necesita imagen",""
"935","Santiago Velazco","1976-","1","santiago-velazco","necesita imagen",""
"936","Sara Acevedo de Capurro","1922-1997","1","sara-acevedo-de-capurro","necesita imagen",""
"937","Saúl Villa","1958-","1","saul-villa","necesita imagen",""
"938","Segrelles","1885-1969","1","segrelles","necesita imagen",""
"939","Selva Delgado de Doll","","1","selva-delgado-de-doll","necesita imagen",""
"940","Sergio Álvarez Frugoni","1947-","1","sergio-alvarez-frugoni","necesita imagen",""
"941","Sergio Gutiérrez","1927-","1","sergio-gutierrez","necesita imagen",""
"942","Shizuka Onda","1936-","1","shizuka-onda","necesita imagen",""
"943","Sien De Malines","","1","sien-de-malines","necesita imagen",""
"944","Sonia Delaunay","1889-1979","1","sonia-delaunay","necesita imagen",""
"945","Susana Turiansky","1924-2002","1","susana-turiansky","necesita imagen",""
"946","Suzanne Valadon","1865-1938","1","suzanne-valadon","necesita imagen",""
"947","Tamir Marras","","1","tamir-marras","necesita imagen",""
"948","Teodoro A. Bourse Herrera","1914-1997","1","teodoro-a-bourse-herrera","necesita imagen",""
"949","Teresa Puppo","1952-","1","teresa-puppo","necesita imagen",""
"950","Terumi Moriyama","1969-","1","terumi-moriyama","necesita imagen",""
"951","Théodore Auguste Fisquet","1813-1890","1","theodore-auguste-fisquet","necesita imagen",""
"952","Théodore Salmon","1811-1876","1","theodore-salmon","necesita imagen",""
"953","Théophile Alexandre Steinlen","1859-1923","1","theophile-alexandre-steinlen","necesita imagen",""
"954","Thomas Van Apshoven","1622-1664","1","thomas-van-apshoven","necesita imagen",""
"955","Tomás Pineda Matus","1968-","1","tomas-pineda-matus","necesita imagen",""
"956","Uhagon","1900-","1","uhagon","necesita imagen",""
"957","Vago o Survage","","1","vago-o-survage","necesita imagen",""
"958","Valiente Manuel Ortiz","1918-","1","valiente-manuel-ortiz","necesita imagen",""
"959","Varela, Fernando","","1","varela-fernando","necesita imagen",""
"960","Vicente Hugo Guidobono","1906-1997","1","vicente-hugo-guidobono","necesita imagen",""
"961","Vicente Morelli","1885-1962","1","vicente-morelli","necesita imagen",""
"962","Victor Emile Cartier","1811-1866","1","victor-emile-cartier","necesita imagen",""
"963","Víctor Marie Félix Danvin","1802-1842","1","victor-marie-felix-danvin","necesita imagen",""
"964","Vincenzo Volpe","1855-1929","1","vincenzo-volpe","necesita imagen",""
"965","Viqueira J.","","1","viqueira-j","necesita imagen",""
"966","Virgilio Ripari","1846-","1","virgilio-ripari","necesita imagen",""
"967","Vito Dieci","","1","vito-dieci","necesita imagen",""
"968","W. Dernez ( o Derner )","","1","w-dernez-o-derner","necesita imagen",""
"969","Walasse Ting","1929-2010","1","walasse-ting","necesita imagen",""
"970","Walter Molinell","","1","walter-molinell","necesita imagen",""
"971","Waltércio Caldas","1946-","1","waltercio-caldas","necesita imagen",""
"972","Wassily Kandinsky","1866-1944","1","wassily-kandinsky","necesita imagen",""
"973","Wifredo Lam","1902-1982","1","wifredo-lam","necesita imagen",""
"974","Willy Marchand","1912-1975","1","willy-marchand","necesita imagen",""
"975","Wilmar Pereira Aranguiz","1938-","1","wilmar-pereira-aranguiz","necesita imagen",""
"976","Yamandú Sánchez","1927-2000","1","yamandu-sanchez","necesita imagen",""
"977","Yamandú Siciliano","1927-","1","yamandu-siciliano","necesita imagen",""
"978","Yenia Dumnova","1921-2000","1","yenia-dumnova","necesita imagen",""
"979","Zamorano, Ricardo","1924-2020","1","zamorano-ricardo","necesita imagen",""
